{
"lengthUnit": "mil",
"components": {
	"fields": ["COMPONENT_NO", "COMPONENT_NAME", "LAYER", "X_COORDINATE", "Y_COORDINATE", "ANGLE"],
	"rows": [
		[1, "5.1kR", "T", 3190, -3230, 270],
		[2, "5.1kRN1", "T", 3360, -3230, 270],
		[3, "10kR", "T", 3975, -2155, 0],
		[4, "10uF", "T", 3430.46, -2638.24, 270],
		[5, "10uFN1", "T", 3253.64, -2638.86, 270],
		[6, "12MHz", "T", 5535, -2225, 270],
		[7, "16MHz", "T", 5535, -2685, 270],
		[8, "22pF", "T", 3428.38, -2234.22, 270],
		[9, "22pF", "T", 3258.38, -2239.22, 270],
		[10, "22pF", "T", 3255.19, -2434.22, 270],
		[11, "22pFN1", "T", 3429.56, -2434.85, 270],
		[12, "22R", "T", 3525, -3230, 270],
		[13, "22RN1", "T", 3521.71, -3059.85, 270],
		[14, "100nF", "T", 3430.49, -2074.49, 0],
		[15, "220R", "T", 3219.13, -2074.22, 0],
		[16, "AMS1117", "T", 3710, -2160, 270],
		[17, "ATMEGA328P-PU", "T", 4630, -2475, 180],
		[18, "CH340G", "T", 3705, -2685, 270],
		[19, "H1", "T", 5055, -2115, 0],
		[20, "H2", "T", 4320, -2115, 0],
		[21, "H3", "T", 4255, -2845, 0],
		[22, "H4", "T", 5025, -2845, 0],
		[23, "LED", "T", 2955, -2035, 0],
		[24, "RESET", "T", 2955, -2305, 90],
		[25, "SS14", "T", 3340, -2850, 180],
		[26, "SS14N1", "T", 3285, -3050, 180],
		[27, "USBC", "T", 2990, -2735, 270],
		[28, "USBM", "T", 2935, -3145, 270]
	]
},
"pins": {
	"fields": ["PIN_NO", "PIN_NAME", "PIN_X", "PIN_Y", "LAYER", "PIN_TYPE", "NET_NAME", "NET_TYPE", "PAD_SHAPE", "PAD_SIZEX", "PAD_SIZEY", "HOLE_SIZE", "PAD_ANGLE"],
	"rows": [
		[1, "5.1kR_1", 3190, -3190.63, "T", "SMD", "$1N3883", "", "R", 44.59, 54.21, 0, 270],
		[2, "5.1kR_2", 3190, -3269.37, "T", "SMD", "GND", "GND", "R", 44.59, 54.21, 0, 270],
		[3, "5.1kRN1_1", 3360, -3190.63, "T", "SMD", "$1N3922", "", "R", 44.59, 54.21, 0, 270],
		[4, "5.1kRN1_2", 3360, -3269.37, "T", "SMD", "GND", "GND", "R", 44.59, 54.21, 0, 270],
		[5, "10kR_1", 3935.63, -2155, "T", "SMD", "ATRS", "", "R", 44.59, 54.21, 0, 0],
		[6, "10kR_2", 4014.37, -2155, "T", "SMD", "+5V", "", "R", 44.59, 54.21, 0, 0],
		[7, "10uF_1", 3430.46, -2598.87, "T", "SMD", "+5V", "", "R", 55.51, 53.15, 0, 270],
		[8, "10uF_2", 3430.46, -2677.61, "T", "SMD", "GND", "GND", "R", 55.51, 53.15, 0, 270],
		[9, "10uFN1_1", 3253.64, -2599.49, "T", "SMD", "3.3V", "", "R", 55.51, 53.15, 0, 270],
		[10, "10uFN1_2", 3253.64, -2678.23, "T", "SMD", "GND", "GND", "R", 55.51, 53.15, 0, 270],
		[11, "12MHz_1", 5535, -2130, "T", "DIP", "CHXO", "", "C", 47.7, 47.7, 32, 270],
		[12, "12MHz_1", 5535, -2130, "B", "DIP", "CHXO", "", "C", 47.7, 47.7, 32, 270],
		[13, "12MHz_2", 5535, -2320, "T", "DIP", "CHXI", "", "C", 47.7, 47.7, 32, 270],
		[14, "12MHz_2", 5535, -2320, "B", "DIP", "CHXI", "", "C", 47.7, 47.7, 32, 270],
		[15, "16MHz_1", 5535, -2590, "T", "DIP", "ATX2", "", "C", 47.7, 47.7, 32, 270],
		[16, "16MHz_1", 5535, -2590, "B", "DIP", "ATX2", "", "C", 47.7, 47.7, 32, 270],
		[17, "16MHz_2", 5535, -2780, "T", "DIP", "ATX1", "", "C", 47.7, 47.7, 32, 270],
		[18, "16MHz_2", 5535, -2780, "B", "DIP", "ATX1", "", "C", 47.7, 47.7, 32, 270],
		[19, "22pF_1", 3428.38, -2194.85, "T", "SMD", "CHXI", "", "R", 55.51, 53.15, 0, 270],
		[20, "22pF_2", 3428.38, -2273.59, "T", "SMD", "GND", "GND", "R", 55.51, 53.15, 0, 270],
		[21, "22pF_1", 3258.38, -2199.85, "T", "SMD", "CHXO", "", "R", 55.51, 53.15, 0, 270],
		[22, "22pF_2", 3258.38, -2278.59, "T", "SMD", "GND", "GND", "R", 55.51, 53.15, 0, 270],
		[23, "22pF_1", 3255.19, -2394.85, "T", "SMD", "ATX1", "", "R", 55.51, 53.15, 0, 270],
		[24, "22pF_2", 3255.19, -2473.59, "T", "SMD", "GND", "GND", "R", 55.51, 53.15, 0, 270],
		[25, "22pFN1_1", 3429.56, -2395.48, "T", "SMD", "ATX2", "", "R", 55.51, 53.15, 0, 270],
		[26, "22pFN1_2", 3429.56, -2474.22, "T", "SMD", "GND", "GND", "R", 55.51, 53.15, 0, 270],
		[27, "22R_1", 3525, -3190.63, "T", "SMD", "CHD-", "", "R", 44.59, 54.21, 0, 270],
		[28, "22R_2", 3525, -3269.37, "T", "SMD", "$1N8583", "", "R", 44.59, 54.21, 0, 270],
		[29, "22RN1_1", 3521.71, -3020.48, "T", "SMD", "CHD+", "", "R", 44.59, 54.21, 0, 270],
		[30, "22RN1_2", 3521.71, -3099.22, "T", "SMD", "$1N8558", "", "R", 44.59, 54.21, 0, 270],
		[31, "100nF_1", 3391.12, -2074.49, "T", "SMD", "$1N6283", "", "R", 55.51, 53.15, 0, 0],
		[32, "100nF_2", 3469.86, -2074.49, "T", "SMD", "ATRS", "", "R", 55.51, 53.15, 0, 0],
		[33, "220R_1", 3179.76, -2074.22, "T", "SMD", "$1N3645", "", "R", 44.59, 54.21, 0, 0],
		[34, "220R_2", 3258.5, -2074.22, "T", "SMD", "+5V", "", "R", 44.59, 54.21, 0, 0],
		[35, "AMS1117_1", 3619.45, -2276.92, "T", "SMD", "GND", "GND", "R", 98.42, 43.31, 0, 270],
		[36, "AMS1117_2", 3710, -2276.92, "T", "SMD", "3.3V", "", "R", 98.42, 43.31, 0, 270],
		[37, "AMS1117_3", 3800.55, -2276.92, "T", "SMD", "+5V", "", "R", 98.42, 43.31, 0, 270],
		[38, "AMS1117_4", 3710, -2043.07, "T", "SMD", "3.3V", "", "R", 92.13, 141.73, 0, 270],
		[39, "ATMEGA328P-PU_1", 5280, -2317.52, "T", "DIP", "ATRS", "", "R", 59.05, 59.05, 35.43, 180],
		[40, "ATMEGA328P-PU_1", 5280, -2317.52, "B", "DIP", "ATRS", "", "R", 59.05, 59.05, 35.43, 180],
		[41, "ATMEGA328P-PU_2", 5180, -2317.52, "T", "DIP", "ATRX", "", "C", 59.05, 59.05, 35.43, 180],
		[42, "ATMEGA328P-PU_2", 5180, -2317.52, "B", "DIP", "ATRX", "", "C", 59.05, 59.05, 35.43, 180],
		[43, "ATMEGA328P-PU_3", 5080, -2317.52, "T", "DIP", "ATTX", "", "C", 59.05, 59.05, 35.43, 180],
		[44, "ATMEGA328P-PU_3", 5080, -2317.52, "B", "DIP", "ATTX", "", "C", 59.05, 59.05, 35.43, 180],
		[45, "ATMEGA328P-PU_4", 4980, -2317.52, "T", "DIP", "D2", "", "C", 59.05, 59.05, 35.43, 180],
		[46, "ATMEGA328P-PU_4", 4980, -2317.52, "B", "DIP", "D2", "", "C", 59.05, 59.05, 35.43, 180],
		[47, "ATMEGA328P-PU_5", 4880, -2317.52, "T", "DIP", "D3", "", "C", 59.05, 59.05, 35.43, 180],
		[48, "ATMEGA328P-PU_5", 4880, -2317.52, "B", "DIP", "D3", "", "C", 59.05, 59.05, 35.43, 180],
		[49, "ATMEGA328P-PU_6", 4780, -2317.52, "T", "DIP", "D4", "", "C", 59.05, 59.05, 35.43, 180],
		[50, "ATMEGA328P-PU_6", 4780, -2317.52, "B", "DIP", "D4", "", "C", 59.05, 59.05, 35.43, 180],
		[51, "ATMEGA328P-PU_7", 4680, -2317.52, "T", "DIP", "+5V", "", "C", 59.05, 59.05, 35.43, 180],
		[52, "ATMEGA328P-PU_7", 4680, -2317.52, "B", "DIP", "+5V", "", "C", 59.05, 59.05, 35.43, 180],
		[53, "ATMEGA328P-PU_8", 4580, -2317.52, "T", "DIP", "GND", "GND", "C", 59.05, 59.05, 35.43, 180],
		[54, "ATMEGA328P-PU_8", 4580, -2317.52, "B", "DIP", "GND", "GND", "C", 59.05, 59.05, 35.43, 180],
		[55, "ATMEGA328P-PU_9", 4480, -2317.52, "T", "DIP", "ATX1", "", "C", 59.05, 59.05, 35.43, 180],
		[56, "ATMEGA328P-PU_9", 4480, -2317.52, "B", "DIP", "ATX1", "", "C", 59.05, 59.05, 35.43, 180],
		[57, "ATMEGA328P-PU_10", 4380, -2317.52, "T", "DIP", "ATX2", "", "C", 59.05, 59.05, 35.43, 180],
		[58, "ATMEGA328P-PU_10", 4380, -2317.52, "B", "DIP", "ATX2", "", "C", 59.05, 59.05, 35.43, 180],
		[59, "ATMEGA328P-PU_11", 4280, -2317.52, "T", "DIP", "D5", "", "C", 59.05, 59.05, 35.43, 180],
		[60, "ATMEGA328P-PU_11", 4280, -2317.52, "B", "DIP", "D5", "", "C", 59.05, 59.05, 35.43, 180],
		[61, "ATMEGA328P-PU_12", 4180, -2317.52, "T", "DIP", "D6", "", "C", 59.05, 59.05, 35.43, 180],
		[62, "ATMEGA328P-PU_12", 4180, -2317.52, "B", "DIP", "D6", "", "C", 59.05, 59.05, 35.43, 180],
		[63, "ATMEGA328P-PU_13", 4080, -2317.52, "T", "DIP", "D7", "", "C", 59.05, 59.05, 35.43, 180],
		[64, "ATMEGA328P-PU_13", 4080, -2317.52, "B", "DIP", "D7", "", "C", 59.05, 59.05, 35.43, 180],
		[65, "ATMEGA328P-PU_14", 3980, -2317.52, "T", "DIP", "D8", "", "C", 59.05, 59.05, 35.43, 180],
		[66, "ATMEGA328P-PU_14", 3980, -2317.52, "B", "DIP", "D8", "", "C", 59.05, 59.05, 35.43, 180],
		[67, "ATMEGA328P-PU_15", 3980, -2632.48, "T", "DIP", "D9", "", "C", 59.05, 59.05, 35.43, 180],
		[68, "ATMEGA328P-PU_15", 3980, -2632.48, "B", "DIP", "D9", "", "C", 59.05, 59.05, 35.43, 180],
		[69, "ATMEGA328P-PU_16", 4080, -2632.48, "T", "DIP", "D10", "", "C", 59.05, 59.05, 35.43, 180],
		[70, "ATMEGA328P-PU_16", 4080, -2632.48, "B", "DIP", "D10", "", "C", 59.05, 59.05, 35.43, 180],
		[71, "ATMEGA328P-PU_17", 4180, -2632.48, "T", "DIP", "D11", "", "C", 59.05, 59.05, 35.43, 180],
		[72, "ATMEGA328P-PU_17", 4180, -2632.48, "B", "DIP", "D11", "", "C", 59.05, 59.05, 35.43, 180],
		[73, "ATMEGA328P-PU_18", 4280, -2632.48, "T", "DIP", "D12", "", "C", 59.05, 59.05, 35.43, 180],
		[74, "ATMEGA328P-PU_18", 4280, -2632.48, "B", "DIP", "D12", "", "C", 59.05, 59.05, 35.43, 180],
		[75, "ATMEGA328P-PU_19", 4380, -2632.48, "T", "DIP", "D13", "", "C", 59.05, 59.05, 35.43, 180],
		[76, "ATMEGA328P-PU_19", 4380, -2632.48, "B", "DIP", "D13", "", "C", 59.05, 59.05, 35.43, 180],
		[77, "ATMEGA328P-PU_20", 4480, -2632.48, "T", "DIP", "+5V", "", "C", 59.05, 59.05, 35.43, 180],
		[78, "ATMEGA328P-PU_20", 4480, -2632.48, "B", "DIP", "+5V", "", "C", 59.05, 59.05, 35.43, 180],
		[79, "ATMEGA328P-PU_21", 4580, -2632.48, "T", "DIP", "ATMEGA328P-PU_21", "", "C", 59.05, 59.05, 35.43, 180],
		[80, "ATMEGA328P-PU_21", 4580, -2632.48, "B", "DIP", "ATMEGA328P-PU_21", "", "C", 59.05, 59.05, 35.43, 180],
		[81, "ATMEGA328P-PU_22", 4680, -2632.48, "T", "DIP", "GND", "GND", "C", 59.05, 59.05, 35.43, 180],
		[82, "ATMEGA328P-PU_22", 4680, -2632.48, "B", "DIP", "GND", "GND", "C", 59.05, 59.05, 35.43, 180],
		[83, "ATMEGA328P-PU_23", 4780, -2632.48, "T", "DIP", "$1N6653", "", "C", 59.05, 59.05, 35.43, 180],
		[84, "ATMEGA328P-PU_23", 4780, -2632.48, "B", "DIP", "$1N6653", "", "C", 59.05, 59.05, 35.43, 180],
		[85, "ATMEGA328P-PU_24", 4880, -2632.48, "T", "DIP", "$1N6655", "", "C", 59.05, 59.05, 35.43, 180],
		[86, "ATMEGA328P-PU_24", 4880, -2632.48, "B", "DIP", "$1N6655", "", "C", 59.05, 59.05, 35.43, 180],
		[87, "ATMEGA328P-PU_25", 4980, -2632.48, "T", "DIP", "$1N6657", "", "C", 59.05, 59.05, 35.43, 180],
		[88, "ATMEGA328P-PU_25", 4980, -2632.48, "B", "DIP", "$1N6657", "", "C", 59.05, 59.05, 35.43, 180],
		[89, "ATMEGA328P-PU_26", 5080, -2632.48, "T", "DIP", "$1N6659", "", "C", 59.05, 59.05, 35.43, 180],
		[90, "ATMEGA328P-PU_26", 5080, -2632.48, "B", "DIP", "$1N6659", "", "C", 59.05, 59.05, 35.43, 180],
		[91, "ATMEGA328P-PU_27", 5180, -2632.48, "T", "DIP", "$1N6661", "", "C", 59.05, 59.05, 35.43, 180],
		[92, "ATMEGA328P-PU_27", 5180, -2632.48, "B", "DIP", "$1N6661", "", "C", 59.05, 59.05, 35.43, 180],
		[93, "ATMEGA328P-PU_28", 5280, -2632.48, "T", "DIP", "$1N6663", "", "C", 59.05, 59.05, 35.43, 180],
		[94, "ATMEGA328P-PU_28", 5280, -2632.48, "B", "DIP", "$1N6663", "", "C", 59.05, 59.05, 35.43, 180],
		[95, "CH340G_1", 3597.3, -2510, "T", "SMD", "GND", "GND", "O", 23.7, 77.6, 0, 270],
		[96, "CH340G_2", 3597.3, -2560, "T", "SMD", "ATRX", "", "O", 23.7, 77.6, 0, 270],
		[97, "CH340G_3", 3597.3, -2610, "T", "SMD", "ATTX", "", "O", 23.7, 77.6, 0, 270],
		[98, "CH340G_4", 3597.3, -2660, "T", "SMD", "CH340G_4", "", "O", 23.7, 77.6, 0, 270],
		[99, "CH340G_5", 3597.3, -2710, "T", "SMD", "$1N8558", "", "O", 23.7, 77.6, 0, 270],
		[100, "CH340G_6", 3597.3, -2760, "T", "SMD", "$1N8583", "", "O", 23.7, 77.6, 0, 270],
		[101, "CH340G_7", 3597.3, -2810, "T", "SMD", "CHXI", "", "O", 23.7, 77.6, 0, 270],
		[102, "CH340G_8", 3597.3, -2860, "T", "SMD", "CHXO", "", "O", 23.7, 77.6, 0, 270],
		[103, "CH340G_9", 3812.7, -2860, "T", "SMD", "CH340G_9", "", "O", 23.7, 77.6, 0, 270],
		[104, "CH340G_10", 3812.7, -2810, "T", "SMD", "CH340G_10", "", "O", 23.7, 77.6, 0, 270],
		[105, "CH340G_11", 3812.7, -2760, "T", "SMD", "CH340G_11", "", "O", 23.7, 77.6, 0, 270],
		[106, "CH340G_12", 3812.7, -2710, "T", "SMD", "CH340G_12", "", "O", 23.7, 77.6, 0, 270],
		[107, "CH340G_13", 3812.7, -2660, "T", "SMD", "$1N6283", "", "O", 23.7, 77.6, 0, 270],
		[108, "CH340G_14", 3812.7, -2610, "T", "SMD", "CH340G_14", "", "O", 23.7, 77.6, 0, 270],
		[109, "CH340G_15", 3812.7, -2560, "T", "SMD", "CH340G_15", "", "O", 23.7, 77.6, 0, 270],
		[110, "CH340G_16", 3812.7, -2510, "T", "SMD", "+5V", "", "O", 23.7, 77.6, 0, 270],
		[111, "H1_1", 4805, -2115, "T", "DIP", "$1N6653", "", "R", 70.87, 70.87, 40.16, 0],
		[112, "H1_1", 4805, -2115, "B", "DIP", "$1N6653", "", "R", 70.87, 70.87, 40.16, 0],
		[113, "H1_2", 4905, -2115, "T", "DIP", "$1N6655", "", "C", 62.99, 62.99, 40.16, 0],
		[114, "H1_2", 4905, -2115, "B", "DIP", "$1N6655", "", "C", 62.99, 62.99, 40.16, 0],
		[115, "H1_3", 5005, -2115, "T", "DIP", "$1N6657", "", "C", 62.99, 62.99, 40.16, 0],
		[116, "H1_3", 5005, -2115, "B", "DIP", "$1N6657", "", "C", 62.99, 62.99, 40.16, 0],
		[117, "H1_4", 5105, -2115, "T", "DIP", "$1N6659", "", "C", 62.99, 62.99, 40.16, 0],
		[118, "H1_4", 5105, -2115, "B", "DIP", "$1N6659", "", "C", 62.99, 62.99, 40.16, 0],
		[119, "H1_5", 5205, -2115, "T", "DIP", "$1N6661", "", "C", 62.99, 62.99, 40.16, 0],
		[120, "H1_5", 5205, -2115, "B", "DIP", "$1N6661", "", "C", 62.99, 62.99, 40.16, 0],
		[121, "H1_6", 5305, -2115, "T", "DIP", "$1N6663", "", "C", 62.99, 62.99, 40.16, 0],
		[122, "H1_6", 5305, -2115, "B", "DIP", "$1N6663", "", "C", 62.99, 62.99, 40.16, 0],
		[123, "H2_1", 4170, -2115, "T", "DIP", "GND", "GND", "R", 66.93, 66.93, 43.31, 0],
		[124, "H2_1", 4170, -2115, "B", "DIP", "GND", "GND", "R", 66.93, 66.93, 43.31, 0],
		[125, "H2_2", 4270, -2115, "T", "DIP", "GND", "GND", "C", 66.93, 66.93, 43.31, 0],
		[126, "H2_2", 4270, -2115, "B", "DIP", "GND", "GND", "C", 66.93, 66.93, 43.31, 0],
		[127, "H2_3", 4370, -2115, "T", "DIP", "+5V", "", "C", 66.93, 66.93, 43.31, 0],
		[128, "H2_3", 4370, -2115, "B", "DIP", "+5V", "", "C", 66.93, 66.93, 43.31, 0],
		[129, "H2_4", 4470, -2115, "T", "DIP", "3.3V", "", "C", 66.93, 66.93, 43.31, 0],
		[130, "H2_4", 4470, -2115, "B", "DIP", "3.3V", "", "C", 66.93, 66.93, 43.31, 0],
		[131, "H3_1", 3955, -2845, "T", "DIP", "ATRX", "", "R", 62, 66.93, 43.31, 0],
		[132, "H3_1", 3955, -2845, "B", "DIP", "ATRX", "", "R", 62, 66.93, 43.31, 0],
		[133, "H3_2", 4055, -2845, "T", "DIP", "ATTX", "", "C", 66.93, 66.93, 43.31, 0],
		[134, "H3_2", 4055, -2845, "B", "DIP", "ATTX", "", "C", 66.93, 66.93, 43.31, 0],
		[135, "H3_3", 4155, -2845, "T", "DIP", "D2", "", "C", 66.93, 66.93, 43.31, 0],
		[136, "H3_3", 4155, -2845, "B", "DIP", "D2", "", "C", 66.93, 66.93, 43.31, 0],
		[137, "H3_4", 4255, -2845, "T", "DIP", "D3", "", "C", 66.93, 66.93, 43.31, 0],
		[138, "H3_4", 4255, -2845, "B", "DIP", "D3", "", "C", 66.93, 66.93, 43.31, 0],
		[139, "H3_5", 4355, -2845, "T", "DIP", "D4", "", "C", 66.93, 66.93, 43.31, 0],
		[140, "H3_5", 4355, -2845, "B", "DIP", "D4", "", "C", 66.93, 66.93, 43.31, 0],
		[141, "H3_6", 4455, -2845, "T", "DIP", "D5", "", "C", 66.93, 66.93, 43.31, 0],
		[142, "H3_6", 4455, -2845, "B", "DIP", "D5", "", "C", 66.93, 66.93, 43.31, 0],
		[143, "H3_7", 4555, -2845, "T", "DIP", "D6", "", "C", 66.93, 66.93, 43.31, 0],
		[144, "H3_7", 4555, -2845, "B", "DIP", "D6", "", "C", 66.93, 66.93, 43.31, 0],
		[145, "H4_1", 4725, -2845, "T", "DIP", "D7", "", "R", 62, 66.93, 43.31, 0],
		[146, "H4_1", 4725, -2845, "B", "DIP", "D7", "", "R", 62, 66.93, 43.31, 0],
		[147, "H4_2", 4825, -2845, "T", "DIP", "D8", "", "C", 66.93, 66.93, 43.31, 0],
		[148, "H4_2", 4825, -2845, "B", "DIP", "D8", "", "C", 66.93, 66.93, 43.31, 0],
		[149, "H4_3", 4925, -2845, "T", "DIP", "D9", "", "C", 66.93, 66.93, 43.31, 0],
		[150, "H4_3", 4925, -2845, "B", "DIP", "D9", "", "C", 66.93, 66.93, 43.31, 0],
		[151, "H4_4", 5025, -2845, "T", "DIP", "D10", "", "C", 66.93, 66.93, 43.31, 0],
		[152, "H4_4", 5025, -2845, "B", "DIP", "D10", "", "C", 66.93, 66.93, 43.31, 0],
		[153, "H4_5", 5125, -2845, "T", "DIP", "D11", "", "C", 66.93, 66.93, 43.31, 0],
		[154, "H4_5", 5125, -2845, "B", "DIP", "D11", "", "C", 66.93, 66.93, 43.31, 0],
		[155, "H4_6", 5225, -2845, "T", "DIP", "D12", "", "C", 66.93, 66.93, 43.31, 0],
		[156, "H4_6", 5225, -2845, "B", "DIP", "D12", "", "C", 66.93, 66.93, 43.31, 0],
		[157, "H4_7", 5325, -2845, "T", "DIP", "D13", "", "C", 66.93, 66.93, 43.31, 0],
		[158, "H4_7", 5325, -2845, "B", "DIP", "D13", "", "C", 66.93, 66.93, 43.31, 0],
		[159, "LED_1", 2996.35, -2035, "T", "SMD", "$1N3645", "", "R", 39.37, 55.1, 0, 180],
		[160, "LED_2", 2913.65, -2035, "T", "SMD", "GND", "GND", "R", 39.37, 55.1, 0, 180],
		[161, "RESET_1", 2866.42, -2470.35, "T", "SMD", "ATRS", "", "R", 74.8, 51.18, 0, 90],
		[162, "RESET_2", 2866.42, -2139.65, "T", "SMD", "ATRS", "", "R", 74.8, 51.18, 0, 90],
		[163, "RESET_3", 3043.58, -2470.35, "T", "SMD", "GND", "GND", "R", 74.8, 51.18, 0, 90],
		[164, "RESET_4", 3043.58, -2139.65, "T", "SMD", "GND", "GND", "R", 74.8, 51.18, 0, 90],
		[165, "SS14_1", 3441, -2850, "T", "SMD", "+5V", "", "R", 86.61, 66.93, 0, 180],
		[166, "SS14_2", 3239, -2850, "T", "SMD", "$1N3827", "", "R", 86.61, 66.93, 0, 180],
		[167, "SS14N1_1", 3386, -3050, "T", "SMD", "+5V", "", "R", 86.61, 66.93, 0, 180],
		[168, "SS14N1_2", 3184, -3050, "T", "SMD", "$1N8412", "", "R", 86.61, 66.93, 0, 180],
		[169, "USBC_1", 3060.37, -2564.92, "T", "DIP", "GND", "GND", "O", 39.37, 82.68, 66.93, 270],
		[170, "USBC_1", 3060.37, -2564.92, "B", "DIP", "GND", "GND", "O", 39.37, 82.68, 66.93, 270],
		[171, "USBC_2", 3060.37, -2905.08, "T", "DIP", "GND", "GND", "O", 39.37, 82.68, 66.93, 270],
		[172, "USBC_2", 3060.37, -2905.08, "B", "DIP", "GND", "GND", "O", 39.37, 82.68, 66.93, 270],
		[173, "USBC_3", 2896.99, -2564.92, "T", "DIP", "GND", "GND", "O", 39.37, 70.87, 55.12, 270],
		[174, "USBC_3", 2896.99, -2564.92, "B", "DIP", "GND", "GND", "O", 39.37, 70.87, 55.12, 270],
		[175, "USBC_4", 2896.99, -2905.08, "T", "DIP", "GND", "GND", "O", 39.37, 70.87, 55.12, 270],
		[176, "USBC_4", 2896.99, -2905.08, "B", "DIP", "GND", "GND", "O", 39.37, 70.87, 55.12, 270],
		[177, "USBC_A1B12", 3083.01, -2609.01, "T", "SMD", "GND", "GND", "R", 23.62, 45.28, 0, 270],
		[178, "USBC_A4B9", 3083.01, -2640.51, "T", "SMD", "$1N3827", "", "R", 23.62, 45.28, 0, 270],
		[179, "USBC_A5", 3083.01, -2685.79, "T", "SMD", "$1N3883", "", "R", 11.81, 45.28, 0, 270],
		[180, "USBC_A6", 3083.01, -2725.16, "T", "SMD", "CHD+", "", "R", 11.81, 45.28, 0, 270],
		[181, "USBC_A7", 3083.01, -2744.84, "T", "SMD", "CHD-", "", "R", 11.81, 45.28, 0, 270],
		[182, "USBC_A8", 3083.01, -2784.21, "T", "SMD", "USBC_A8", "", "R", 11.81, 45.28, 0, 270],
		[183, "USBC_B1A12", 3083.01, -2860.98, "T", "SMD", "GND", "GND", "R", 23.62, 45.28, 0, 270],
		[184, "USBC_B4A9", 3083.01, -2829.49, "T", "SMD", "$1N3827", "", "R", 23.62, 45.28, 0, 270],
		[185, "USBC_B5", 3083.01, -2803.9, "T", "SMD", "$1N3922", "", "R", 11.81, 45.28, 0, 270],
		[186, "USBC_B6", 3083.01, -2764.53, "T", "SMD", "USBC_B6", "", "R", 11.81, 45.28, 0, 270],
		[187, "USBC_B7", 3083.01, -2705.47, "T", "SMD", "USBC_B7", "", "R", 11.81, 45.28, 0, 270],
		[188, "USBC_B8", 3083.01, -2666.1, "T", "SMD", "USBC_B8", "", "R", 11.81, 45.28, 0, 270],
		[189, "USBM_0", 2880.18, -3292.63, "T", "SMD", "GND", "GND", "R", 59.05, 74.8, 0, 270],
		[190, "USBM_0", 2880.18, -2997.37, "T", "SMD", "GND", "GND", "R", 59.05, 74.8, 0, 270],
		[191, "USBM_0", 2880.18, -3093.82, "T", "SMD", "GND", "GND", "R", 74.8, 74.8, 0, 270],
		[192, "USBM_0", 2880.18, -3196.18, "T", "SMD", "GND", "GND", "R", 74.8, 74.8, 0, 270],
		[193, "USBM_1", 2989.82, -3093.8, "T", "SMD", "$1N8412", "", "R", 53.15, 15.75, 0, 180],
		[194, "USBM_2", 2989.82, -3119.4, "T", "SMD", "CHD-", "", "R", 53.15, 15.75, 0, 180],
		[195, "USBM_3", 2989.82, -3145, "T", "SMD", "CHD+", "", "R", 53.15, 15.75, 0, 180],
		[196, "USBM_4", 2989.82, -3170.6, "T", "SMD", "USBM_4", "", "R", 53.15, 15.75, 0, 180],
		[197, "USBM_5", 2989.82, -3196.2, "T", "SMD", "GND", "GND", "R", 53.15, 15.75, 0, 180]
	]
}
}