{
"lengthUnit": "mil",
"components": {
	"fields": ["COMPONENT_NO", "COMPONENT_NAME", "LAYER", "X_COORDINATE", "Y_COORDINATE", "ANGLE"],
	"rows": [
		[1, "1uF", "T", 6196.76, -2037.8, 0],
		[2, "5.1kR", "T", 5810, -2200, 0],
		[3, "5.1kRN1", "T", 5812.19, -2055.33, 0],
		[4, "10kR", "T", 5714.8, -1542.17, 270],
		[5, "10uF", "T", 6194.43, -2181.42, 0],
		[6, "22R", "T", 5810.65, -1763.68, 0],
		[7, "22RN1", "T", 5810.65, -1905.78, 0],
		[8, "22uF", "T", 6192.19, -1889.54, 0],
		[9, "22uFN1", "T", 6003.95, -1856.42, 90],
		[10, "100nF", "T", 6190.51, -1744.54, 0],
		[11, "100nF", "T", 6044, -1542, 90],
		[12, "100nFN1", "T", 6003.86, -2112.78, 90],
		[13, "100R", "T", 5874.37, -1544.37, 90],
		[14, "220R", "T", 5697.25, -2781.15, 270],
		[15, "AMS1117", "T", 6015, -2926, 270],
		[16, "BOOT", "T", 5415, -1600, 270],
		[17, "CH340G", "T", 6160, -2525, 270],
		[18, "ESP-32S", "T", 7325, -2240, 270],
		[19, "H1", "T", 6545, -1510, 0],
		[20, "H2", "T", 6600, -2470, 270],
		[21, "H3", "T", 7535, -1510, 0],
		[22, "H4", "T", 7090, -1510, 0],
		[23, "H5", "T", 6600, -1915, 270],
		[24, "LED", "T", 5699.23, -3019.14, 270],
		[25, "P1", "T", 6990, -2970, 0],
		[26, "RESET", "T", 5415, -2910, 270],
		[27, "SS14", "T", 5807.19, -2379.07, 180],
		[28, "SS14N1", "T", 5810, -2545, 180],
		[29, "USBC", "T", 5490, -2025, 270],
		[30, "USBM", "T", 5440, -2480, 270]
	]
},
"pins": {
	"fields": ["PIN_NO", "PIN_NAME", "PIN_X", "PIN_Y", "LAYER", "PIN_TYPE", "NET_NAME", "NET_TYPE", "PAD_SHAPE", "PAD_SIZEX", "PAD_SIZEY", "HOLE_SIZE", "PAD_ANGLE"],
	"rows": [
		[1, "1uF_1", 6157.39, -2037.8, "T", "SMD", "GND", "GND", "R", 55.51, 53.15, 0, 0],
		[2, "1uF_2", 6236.13, -2037.8, "T", "SMD", "EN", "", "R", 55.51, 53.15, 0, 0],
		[3, "5.1kR_1", 5770.63, -2200, "T", "SMD", "$1N2037", "", "R", 44.59, 54.21, 0, 0],
		[4, "5.1kR_2", 5849.37, -2200, "T", "SMD", "GND", "GND", "R", 44.59, 54.21, 0, 0],
		[5, "5.1kRN1_1", 5772.82, -2055.33, "T", "SMD", "$1N2039", "", "R", 44.59, 54.21, 0, 0],
		[6, "5.1kRN1_2", 5851.56, -2055.33, "T", "SMD", "GND", "GND", "R", 44.59, 54.21, 0, 0],
		[7, "10kR_1", 5714.8, -1502.8, "T", "SMD", "EN", "", "R", 44.59, 54.21, 0, 270],
		[8, "10kR_2", 5714.8, -1581.54, "T", "SMD", "3.3V", "", "R", 44.59, 54.21, 0, 270],
		[9, "10uF_1", 6155.06, -2181.42, "T", "SMD", "+5V", "", "R", 55.51, 53.15, 0, 0],
		[10, "10uF_2", 6233.8, -2181.42, "T", "SMD", "GND", "GND", "R", 55.51, 53.15, 0, 0],
		[11, "22R_1", 5771.28, -1763.68, "T", "SMD", "CHD-", "", "R", 44.59, 54.21, 0, 0],
		[12, "22R_2", 5850.02, -1763.68, "T", "SMD", "$1N2120", "", "R", 44.59, 54.21, 0, 0],
		[13, "22RN1_1", 5771.28, -1905.78, "T", "SMD", "CHD+", "", "R", 44.59, 54.21, 0, 0],
		[14, "22RN1_2", 5850.02, -1905.78, "T", "SMD", "$1N2126", "", "R", 44.59, 54.21, 0, 0],
		[15, "22uF_1", 6152.82, -1889.54, "T", "SMD", "3.3V", "", "R", 55.51, 53.15, 0, 0],
		[16, "22uF_2", 6231.56, -1889.54, "T", "SMD", "GND", "GND", "R", 55.51, 53.15, 0, 0],
		[17, "22uFN1_1", 6003.95, -1895.79, "T", "SMD", "3.3V", "", "R", 55.51, 53.15, 0, 90],
		[18, "22uFN1_2", 6003.95, -1817.05, "T", "SMD", "GND", "GND", "R", 55.51, 53.15, 0, 90],
		[19, "100nF_1", 6151.14, -1744.54, "T", "SMD", "3.3V", "", "R", 55.51, 53.15, 0, 0],
		[20, "100nF_2", 6229.88, -1744.54, "T", "SMD", "GND", "GND", "R", 55.51, 53.15, 0, 0],
		[21, "100nF_1", 6044, -1581.37, "T", "SMD", "$1N1745", "", "R", 55.51, 53.15, 0, 90],
		[22, "100nF_2", 6044, -1502.63, "T", "SMD", "$1N1750", "", "R", 55.51, 53.15, 0, 90],
		[23, "100nFN1_1", 6003.86, -2152.15, "T", "SMD", "EN", "", "R", 55.51, 53.15, 0, 90],
		[24, "100nFN1_2", 6003.86, -2073.41, "T", "SMD", "$1N2386", "", "R", 55.51, 53.15, 0, 90],
		[25, "100R_1", 5874.37, -1583.74, "T", "SMD", "$1N1814", "", "R", 44.59, 54.21, 0, 90],
		[26, "100R_2", 5874.37, -1505, "T", "SMD", "BOOT", "", "R", 44.59, 54.21, 0, 90],
		[27, "220R_1", 5697.25, -2741.78, "T", "SMD", "$1N2247", "", "R", 44.59, 54.21, 0, 270],
		[28, "220R_2", 5697.25, -2820.52, "T", "SMD", "+5V", "", "R", 44.59, 54.21, 0, 270],
		[29, "AMS1117_1", 5924.45, -3042.92, "T", "SMD", "GND", "GND", "R", 98.42, 43.31, 0, 270],
		[30, "AMS1117_2", 6015, -3042.92, "T", "SMD", "3.3V", "", "R", 98.42, 43.31, 0, 270],
		[31, "AMS1117_3", 6105.55, -3042.92, "T", "SMD", "+5V", "", "R", 98.42, 43.31, 0, 270],
		[32, "AMS1117_4", 6015, -2809.07, "T", "SMD", "3.3V", "", "R", 92.13, 141.73, 0, 270],
		[33, "BOOT_1", 5503.58, -1434.65, "T", "SMD", "$1N1814", "", "R", 74.8, 51.18, 0, 270],
		[34, "BOOT_2", 5503.58, -1765.35, "T", "SMD", "BOOT_2", "", "R", 74.8, 51.18, 0, 270],
		[35, "BOOT_3", 5326.42, -1434.65, "T", "SMD", "GND", "GND", "R", 74.8, 51.18, 0, 270],
		[36, "BOOT_4", 5326.42, -1765.35, "T", "SMD", "BOOT_4", "", "R", 74.8, 51.18, 0, 270],
		[37, "CH340G_1", 6052.3, -2350, "T", "SMD", "GND", "GND", "O", 23.7, 77.6, 0, 270],
		[38, "CH340G_2", 6052.3, -2400, "T", "SMD", "ESRX", "", "O", 23.7, 77.6, 0, 270],
		[39, "CH340G_3", 6052.3, -2450, "T", "SMD", "ESTX", "", "O", 23.7, 77.6, 0, 270],
		[40, "CH340G_4", 6052.3, -2500, "T", "SMD", "3.3V", "", "O", 23.7, 77.6, 0, 270],
		[41, "CH340G_5", 6052.3, -2550, "T", "SMD", "$1N2126", "", "O", 23.7, 77.6, 0, 270],
		[42, "CH340G_6", 6052.3, -2600, "T", "SMD", "$1N2120", "", "O", 23.7, 77.6, 0, 270],
		[43, "CH340G_7", 6052.3, -2650, "T", "SMD", "CH340G_7", "", "O", 23.7, 77.6, 0, 270],
		[44, "CH340G_8", 6052.3, -2700, "T", "SMD", "CH340G_8", "", "O", 23.7, 77.6, 0, 270],
		[45, "CH340G_9", 6267.7, -2700, "T", "SMD", "CH340G_9", "", "O", 23.7, 77.6, 0, 270],
		[46, "CH340G_10", 6267.7, -2650, "T", "SMD", "CH340G_10", "", "O", 23.7, 77.6, 0, 270],
		[47, "CH340G_11", 6267.7, -2600, "T", "SMD", "CH340G_11", "", "O", 23.7, 77.6, 0, 270],
		[48, "CH340G_12", 6267.7, -2550, "T", "SMD", "CH340G_12", "", "O", 23.7, 77.6, 0, 270],
		[49, "CH340G_13", 6267.7, -2500, "T", "SMD", "$1N2386", "", "O", 23.7, 77.6, 0, 270],
		[50, "CH340G_14", 6267.7, -2450, "T", "SMD", "BOOT", "", "O", 23.7, 77.6, 0, 270],
		[51, "CH340G_15", 6267.7, -2400, "T", "SMD", "CH340G_15", "", "O", 23.7, 77.6, 0, 270],
		[52, "CH340G_16", 6267.7, -2350, "T", "SMD", "+5V", "", "O", 23.7, 77.6, 0, 270],
		[53, "ESP-32S_1", 7679.53, -1885.67, "T", "SMD", "GND", "GND", "R", 78.74, 35.43, 0, 270],
		[54, "ESP-32S_2", 7629.53, -1885.67, "T", "SMD", "3.3V", "", "R", 78.74, 35.43, 0, 270],
		[55, "ESP-32S_3", 7579.53, -1885.67, "T", "SMD", "EN", "", "R", 78.74, 35.43, 0, 270],
		[56, "ESP-32S_4", 7529.53, -1885.67, "T", "SMD", "IO36", "", "R", 78.74, 35.43, 0, 270],
		[57, "ESP-32S_5", 7479.53, -1885.67, "T", "SMD", "IO39", "", "R", 78.74, 35.43, 0, 270],
		[58, "ESP-32S_6", 7429.53, -1885.67, "T", "SMD", "IO34", "", "R", 78.74, 35.43, 0, 270],
		[59, "ESP-32S_7", 7379.53, -1885.67, "T", "SMD", "IO35", "", "R", 78.74, 35.43, 0, 270],
		[60, "ESP-32S_8", 7329.53, -1885.67, "T", "SMD", "IO32", "", "R", 78.74, 35.43, 0, 270],
		[61, "ESP-32S_9", 7279.53, -1885.67, "T", "SMD", "IO33", "", "R", 78.74, 35.43, 0, 270],
		[62, "ESP-32S_10", 7229.53, -1885.67, "T", "SMD", "IO25", "", "R", 78.74, 35.43, 0, 270],
		[63, "ESP-32S_11", 7179.53, -1885.67, "T", "SMD", "IO26", "", "R", 78.74, 35.43, 0, 270],
		[64, "ESP-32S_12", 7129.53, -1885.67, "T", "SMD", "IO27", "", "R", 78.74, 35.43, 0, 270],
		[65, "ESP-32S_13", 7079.53, -1885.67, "T", "SMD", "IO14", "", "R", 78.74, 35.43, 0, 270],
		[66, "ESP-32S_14", 7029.53, -1885.67, "T", "SMD", "IO12", "", "R", 78.74, 35.43, 0, 270],
		[67, "ESP-32S_15", 6970.47, -2015, "T", "SMD", "GND", "GND", "R", 78.74, 35.43, 0, 180],
		[68, "ESP-32S_16", 6970.47, -2065, "T", "SMD", "IO13", "", "R", 78.74, 35.43, 0, 180],
		[69, "ESP-32S_17", 6970.47, -2115, "T", "SMD", "IO9", "", "R", 78.74, 35.43, 0, 180],
		[70, "ESP-32S_18", 6970.47, -2165, "T", "SMD", "IO10", "", "R", 78.74, 35.43, 0, 180],
		[71, "ESP-32S_19", 6970.47, -2215, "T", "SMD", "IO11", "", "R", 78.74, 35.43, 0, 180],
		[72, "ESP-32S_20", 6970.47, -2265, "T", "SMD", "IO6", "", "R", 78.74, 35.43, 0, 180],
		[73, "ESP-32S_21", 6970.47, -2315, "T", "SMD", "IO7", "", "R", 78.74, 35.43, 0, 180],
		[74, "ESP-32S_22", 6970.47, -2365, "T", "SMD", "IO8", "", "R", 78.74, 35.43, 0, 180],
		[75, "ESP-32S_23", 6970.47, -2415, "T", "SMD", "IO15", "", "R", 78.74, 35.43, 0, 180],
		[76, "ESP-32S_24", 6970.47, -2465, "T", "SMD", "IO2", "", "R", 78.74, 35.43, 0, 180],
		[77, "ESP-32S_25", 7029.53, -2594.33, "T", "SMD", "BOOT", "", "R", 78.74, 35.43, 0, 270],
		[78, "ESP-32S_26", 7079.53, -2594.33, "T", "SMD", "IO4", "", "R", 78.74, 35.43, 0, 270],
		[79, "ESP-32S_27", 7129.53, -2594.33, "T", "SMD", "IO16", "", "R", 78.74, 35.43, 0, 270],
		[80, "ESP-32S_28", 7179.53, -2594.33, "T", "SMD", "IO17", "", "R", 78.74, 35.43, 0, 270],
		[81, "ESP-32S_29", 7229.53, -2594.33, "T", "SMD", "IO5", "", "R", 78.74, 35.43, 0, 270],
		[82, "ESP-32S_30", 7279.53, -2594.33, "T", "SMD", "IO18", "", "R", 78.74, 35.43, 0, 270],
		[83, "ESP-32S_31", 7329.53, -2594.33, "T", "SMD", "IO19", "", "R", 78.74, 35.43, 0, 270],
		[84, "ESP-32S_32", 7379.53, -2594.33, "T", "SMD", "ESP-32S_32", "", "R", 78.74, 35.43, 0, 270],
		[85, "ESP-32S_33", 7429.53, -2594.33, "T", "SMD", "IO21", "", "R", 78.74, 35.43, 0, 270],
		[86, "ESP-32S_34", 7479.53, -2594.33, "T", "SMD", "ESRX", "", "R", 78.74, 35.43, 0, 270],
		[87, "ESP-32S_35", 7529.53, -2594.33, "T", "SMD", "ESTX", "", "R", 78.74, 35.43, 0, 270],
		[88, "ESP-32S_36", 7579.53, -2594.33, "T", "SMD", "IO22", "", "R", 78.74, 35.43, 0, 270],
		[89, "ESP-32S_37", 7629.53, -2594.33, "T", "SMD", "IO23", "", "R", 78.74, 35.43, 0, 270],
		[90, "ESP-32S_38", 7679.53, -2594.33, "T", "SMD", "GND", "GND", "R", 78.74, 35.43, 0, 270],
		[91, "ESP-32S_39", 7390.54, -2213.23, "T", "SMD", "GND", "GND", "R", 161.42, 161.42, 0, 270],
		[92, "H1_1", 6295, -1510, "T", "DIP", "GND", "GND", "R", 70.87, 70.87, 40.16, 0],
		[93, "H1_1", 6295, -1510, "B", "DIP", "GND", "GND", "R", 70.87, 70.87, 40.16, 0],
		[94, "H1_2", 6395, -1510, "T", "DIP", "GND", "GND", "C", 62.99, 62.99, 40.16, 0],
		[95, "H1_2", 6395, -1510, "B", "DIP", "GND", "GND", "C", 62.99, 62.99, 40.16, 0],
		[96, "H1_3", 6495, -1510, "T", "DIP", "+5V", "", "C", 62.99, 62.99, 40.16, 0],
		[97, "H1_3", 6495, -1510, "B", "DIP", "+5V", "", "C", 62.99, 62.99, 40.16, 0],
		[98, "H1_4", 6595, -1510, "T", "DIP", "+5V", "", "C", 62.99, 62.99, 40.16, 0],
		[99, "H1_4", 6595, -1510, "B", "DIP", "+5V", "", "C", 62.99, 62.99, 40.16, 0],
		[100, "H1_5", 6695, -1510, "T", "DIP", "3.3V", "", "C", 62.99, 62.99, 40.16, 0],
		[101, "H1_5", 6695, -1510, "B", "DIP", "3.3V", "", "C", 62.99, 62.99, 40.16, 0],
		[102, "H1_6", 6795, -1510, "T", "DIP", "3.3V", "", "C", 62.99, 62.99, 40.16, 0],
		[103, "H1_6", 6795, -1510, "B", "DIP", "3.3V", "", "C", 62.99, 62.99, 40.16, 0],
		[104, "H2_1", 6600, -2220, "T", "DIP", "ESRX", "", "R", 70.87, 70.87, 40.16, 270],
		[105, "H2_1", 6600, -2220, "B", "DIP", "ESRX", "", "R", 70.87, 70.87, 40.16, 270],
		[106, "H2_2", 6600, -2320, "T", "DIP", "ESTX", "", "C", 62.99, 62.99, 40.16, 270],
		[107, "H2_2", 6600, -2320, "B", "DIP", "ESTX", "", "C", 62.99, 62.99, 40.16, 270],
		[108, "H2_3", 6600, -2420, "T", "DIP", "IO9", "", "C", 62.99, 62.99, 40.16, 270],
		[109, "H2_3", 6600, -2420, "B", "DIP", "IO9", "", "C", 62.99, 62.99, 40.16, 270],
		[110, "H2_4", 6600, -2520, "T", "DIP", "IO10", "", "C", 62.99, 62.99, 40.16, 270],
		[111, "H2_4", 6600, -2520, "B", "DIP", "IO10", "", "C", 62.99, 62.99, 40.16, 270],
		[112, "H2_5", 6600, -2620, "T", "DIP", "IO16", "", "C", 62.99, 62.99, 40.16, 270],
		[113, "H2_5", 6600, -2620, "B", "DIP", "IO16", "", "C", 62.99, 62.99, 40.16, 270],
		[114, "H2_6", 6600, -2720, "T", "DIP", "IO17", "", "C", 62.99, 62.99, 40.16, 270],
		[115, "H2_6", 6600, -2720, "B", "DIP", "IO17", "", "C", 62.99, 62.99, 40.16, 270],
		[116, "H3_1", 7385, -1510, "T", "DIP", "IO5", "", "R", 66.93, 66.93, 43.31, 0],
		[117, "H3_1", 7385, -1510, "B", "DIP", "IO5", "", "R", 66.93, 66.93, 43.31, 0],
		[118, "H3_2", 7485, -1510, "T", "DIP", "IO18", "", "C", 66.93, 66.93, 43.31, 0],
		[119, "H3_2", 7485, -1510, "B", "DIP", "IO18", "", "C", 66.93, 66.93, 43.31, 0],
		[120, "H3_3", 7585, -1510, "T", "DIP", "IO23", "", "C", 66.93, 66.93, 43.31, 0],
		[121, "H3_3", 7585, -1510, "B", "DIP", "IO23", "", "C", 66.93, 66.93, 43.31, 0],
		[122, "H3_4", 7685, -1510, "T", "DIP", "IO19", "", "C", 66.93, 66.93, 43.31, 0],
		[123, "H3_4", 7685, -1510, "B", "DIP", "IO19", "", "C", 66.93, 66.93, 43.31, 0],
		[124, "H4_1", 6940, -1510, "T", "DIP", "IO15", "", "R", 66.93, 66.93, 43.31, 0],
		[125, "H4_1", 6940, -1510, "B", "DIP", "IO15", "", "R", 66.93, 66.93, 43.31, 0],
		[126, "H4_2", 7040, -1510, "T", "DIP", "IO14", "", "C", 66.93, 66.93, 43.31, 0],
		[127, "H4_2", 7040, -1510, "B", "DIP", "IO14", "", "C", 66.93, 66.93, 43.31, 0],
		[128, "H4_3", 7140, -1510, "T", "DIP", "IO13", "", "C", 66.93, 66.93, 43.31, 0],
		[129, "H4_3", 7140, -1510, "B", "DIP", "IO13", "", "C", 66.93, 66.93, 43.31, 0],
		[130, "H4_4", 7240, -1510, "T", "DIP", "IO12", "", "C", 66.93, 66.93, 43.31, 0],
		[131, "H4_4", 7240, -1510, "B", "DIP", "IO12", "", "C", 66.93, 66.93, 43.31, 0],
		[132, "H5_1", 6600, -1765, "T", "DIP", "IO11", "", "R", 66.93, 66.93, 43.31, 270],
		[133, "H5_1", 6600, -1765, "B", "DIP", "IO11", "", "R", 66.93, 66.93, 43.31, 270],
		[134, "H5_2", 6600, -1865, "T", "DIP", "IO6", "", "C", 66.93, 66.93, 43.31, 270],
		[135, "H5_2", 6600, -1865, "B", "DIP", "IO6", "", "C", 66.93, 66.93, 43.31, 270],
		[136, "H5_3", 6600, -1965, "T", "DIP", "IO7", "", "C", 66.93, 66.93, 43.31, 270],
		[137, "H5_3", 6600, -1965, "B", "DIP", "IO7", "", "C", 66.93, 66.93, 43.31, 270],
		[138, "H5_4", 6600, -2065, "T", "DIP", "IO8", "", "C", 66.93, 66.93, 43.31, 270],
		[139, "H5_4", 6600, -2065, "B", "DIP", "IO8", "", "C", 66.93, 66.93, 43.31, 270],
		[140, "LED_1", 5699.23, -3060.49, "T", "SMD", "$1N2247", "", "R", 39.37, 55.1, 0, 90],
		[141, "LED_2", 5699.23, -2977.79, "T", "SMD", "GND", "GND", "R", 39.37, 55.1, 0, 90],
		[142, "P1_1", 6390, -2970, "T", "DIP", "IO25", "", "R", 62.99, 62.99, 43.31, 0],
		[143, "P1_1", 6390, -2970, "B", "DIP", "IO25", "", "R", 62.99, 62.99, 43.31, 0],
		[144, "P1_2", 6490, -2970, "T", "DIP", "IO26", "", "C", 62.99, 62.99, 43.31, 0],
		[145, "P1_2", 6490, -2970, "B", "DIP", "IO26", "", "C", 62.99, 62.99, 43.31, 0],
		[146, "P1_3", 6590, -2970, "T", "DIP", "IO27", "", "C", 62.99, 62.99, 43.31, 0],
		[147, "P1_3", 6590, -2970, "B", "DIP", "IO27", "", "C", 62.99, 62.99, 43.31, 0],
		[148, "P1_4", 6690, -2970, "T", "DIP", "IO32", "", "C", 62.99, 62.99, 43.31, 0],
		[149, "P1_4", 6690, -2970, "B", "DIP", "IO32", "", "C", 62.99, 62.99, 43.31, 0],
		[150, "P1_5", 6790, -2970, "T", "DIP", "IO33", "", "C", 62.99, 62.99, 43.31, 0],
		[151, "P1_5", 6790, -2970, "B", "DIP", "IO33", "", "C", 62.99, 62.99, 43.31, 0],
		[152, "P1_6", 6890, -2970, "T", "DIP", "IO34", "", "C", 62.99, 62.99, 43.31, 0],
		[153, "P1_6", 6890, -2970, "B", "DIP", "IO34", "", "C", 62.99, 62.99, 43.31, 0],
		[154, "P1_7", 6990, -2970, "T", "DIP", "IO35", "", "C", 62.99, 62.99, 43.31, 0],
		[155, "P1_7", 6990, -2970, "B", "DIP", "IO35", "", "C", 62.99, 62.99, 43.31, 0],
		[156, "P1_8", 7090, -2970, "T", "DIP", "IO36", "", "C", 62.99, 62.99, 43.31, 0],
		[157, "P1_8", 7090, -2970, "B", "DIP", "IO36", "", "C", 62.99, 62.99, 43.31, 0],
		[158, "P1_9", 7190, -2970, "T", "DIP", "IO39", "", "C", 62.99, 62.99, 43.31, 0],
		[159, "P1_9", 7190, -2970, "B", "DIP", "IO39", "", "C", 62.99, 62.99, 43.31, 0],
		[160, "P1_10", 7290, -2970, "T", "DIP", "IO2", "", "C", 62.99, 62.99, 43.31, 0],
		[161, "P1_10", 7290, -2970, "B", "DIP", "IO2", "", "C", 62.99, 62.99, 43.31, 0],
		[162, "P1_11", 7390, -2970, "T", "DIP", "IO4", "", "C", 62.99, 62.99, 43.31, 0],
		[163, "P1_11", 7390, -2970, "B", "DIP", "IO4", "", "C", 62.99, 62.99, 43.31, 0],
		[164, "P1_12", 7490, -2970, "T", "DIP", "IO21", "", "C", 62.99, 62.99, 43.31, 0],
		[165, "P1_12", 7490, -2970, "B", "DIP", "IO21", "", "C", 62.99, 62.99, 43.31, 0],
		[166, "P1_13", 7590, -2970, "T", "DIP", "IO22", "", "C", 62.99, 62.99, 43.31, 0],
		[167, "P1_13", 7590, -2970, "B", "DIP", "IO22", "", "C", 62.99, 62.99, 43.31, 0],
		[168, "RESET_1", 5503.58, -2744.65, "T", "SMD", "$1N1750", "", "R", 74.8, 51.18, 0, 270],
		[169, "RESET_2", 5503.58, -3075.35, "T", "SMD", "EN", "", "R", 74.8, 51.18, 0, 270],
		[170, "RESET_3", 5326.42, -2744.65, "T", "SMD", "$1N1745", "", "R", 74.8, 51.18, 0, 270],
		[171, "RESET_4", 5326.42, -3075.35, "T", "SMD", "GND", "GND", "R", 74.8, 51.18, 0, 270],
		[172, "SS14_1", 5908.19, -2379.07, "T", "SMD", "+5V", "", "R", 86.61, 66.93, 0, 180],
		[173, "SS14_2", 5706.19, -2379.07, "T", "SMD", "$1N1967", "", "R", 86.61, 66.93, 0, 180],
		[174, "SS14N1_1", 5911, -2545, "T", "SMD", "+5V", "", "R", 86.61, 66.93, 0, 180],
		[175, "SS14N1_2", 5709, -2545, "T", "SMD", "$1N2164", "", "R", 86.61, 66.93, 0, 180],
		[176, "USBC_1", 5560.37, -1854.92, "T", "DIP", "GND", "GND", "O", 39.37, 82.68, 66.93, 270],
		[177, "USBC_1", 5560.37, -1854.92, "B", "DIP", "GND", "GND", "O", 39.37, 82.68, 66.93, 270],
		[178, "USBC_2", 5560.37, -2195.08, "T", "DIP", "GND", "GND", "O", 39.37, 82.68, 66.93, 270],
		[179, "USBC_2", 5560.37, -2195.08, "B", "DIP", "GND", "GND", "O", 39.37, 82.68, 66.93, 270],
		[180, "USBC_3", 5396.99, -1854.92, "T", "DIP", "GND", "GND", "O", 39.37, 70.87, 55.12, 270],
		[181, "USBC_3", 5396.99, -1854.92, "B", "DIP", "GND", "GND", "O", 39.37, 70.87, 55.12, 270],
		[182, "USBC_4", 5396.99, -2195.08, "T", "DIP", "GND", "GND", "O", 39.37, 70.87, 55.12, 270],
		[183, "USBC_4", 5396.99, -2195.08, "B", "DIP", "GND", "GND", "O", 39.37, 70.87, 55.12, 270],
		[184, "USBC_A1B12", 5583.01, -1899.01, "T", "SMD", "GND", "GND", "R", 23.62, 45.28, 0, 270],
		[185, "USBC_A4B9", 5583.01, -1930.51, "T", "SMD", "$1N1967", "", "R", 23.62, 45.28, 0, 270],
		[186, "USBC_A5", 5583.01, -1975.79, "T", "SMD", "$1N2039", "", "R", 11.81, 45.28, 0, 270],
		[187, "USBC_A6", 5583.01, -2015.16, "T", "SMD", "CHD+", "", "R", 11.81, 45.28, 0, 270],
		[188, "USBC_A7", 5583.01, -2034.84, "T", "SMD", "CHD-", "", "R", 11.81, 45.28, 0, 270],
		[189, "USBC_A8", 5583.01, -2074.21, "T", "SMD", "USBC_A8", "", "R", 11.81, 45.28, 0, 270],
		[190, "USBC_B1A12", 5583.01, -2150.98, "T", "SMD", "GND", "GND", "R", 23.62, 45.28, 0, 270],
		[191, "USBC_B4A9", 5583.01, -2119.49, "T", "SMD", "$1N1967", "", "R", 23.62, 45.28, 0, 270],
		[192, "USBC_B5", 5583.01, -2093.9, "T", "SMD", "$1N2037", "", "R", 11.81, 45.28, 0, 270],
		[193, "USBC_B6", 5583.01, -2054.53, "T", "SMD", "USBC_B6", "", "R", 11.81, 45.28, 0, 270],
		[194, "USBC_B7", 5583.01, -1995.47, "T", "SMD", "USBC_B7", "", "R", 11.81, 45.28, 0, 270],
		[195, "USBC_B8", 5583.01, -1956.1, "T", "SMD", "USBC_B8", "", "R", 11.81, 45.28, 0, 270],
		[196, "USBM_0", 5385.18, -2627.63, "T", "SMD", "GND", "GND", "R", 59.05, 74.8, 0, 270],
		[197, "USBM_0", 5385.18, -2332.37, "T", "SMD", "GND", "GND", "R", 59.05, 74.8, 0, 270],
		[198, "USBM_0", 5385.18, -2428.82, "T", "SMD", "GND", "GND", "R", 74.8, 74.8, 0, 270],
		[199, "USBM_0", 5385.18, -2531.18, "T", "SMD", "GND", "GND", "R", 74.8, 74.8, 0, 270],
		[200, "USBM_1", 5494.82, -2428.8, "T", "SMD", "$1N2164", "", "R", 53.15, 15.75, 0, 180],
		[201, "USBM_2", 5494.82, -2454.4, "T", "SMD", "CHD-", "", "R", 53.15, 15.75, 0, 180],
		[202, "USBM_3", 5494.82, -2480, "T", "SMD", "CHD+", "", "R", 53.15, 15.75, 0, 180],
		[203, "USBM_4", 5494.82, -2505.6, "T", "SMD", "USBM_4", "", "R", 53.15, 15.75, 0, 180],
		[204, "USBM_5", 5494.82, -2531.2, "T", "SMD", "GND", "GND", "R", 53.15, 15.75, 0, 180]
	]
}
}